fight_url,fighter_1,fighter_2,has_strike_data,result
http://ufcstats.com/fight-details/970f083af8368f57,Cody Gibson,Aoriqileng,True,"L
  


Cody Gibson 


      ""The Renegade"""
http://ufcstats.com/fight-details/3af1bdc5a510bba9,Kyle Nelson,Matt Frevola,True,"W
  


Kyle Nelson 


      ""The Monster"""
http://ufcstats.com/fight-details/cdd565a16975c711,Kevin Holland,Mike Malott,True,"L
  


Kevin Holland 


      ""Trailblazer"""
http://ufcstats.com/fight-details/857d274e47aa8c4e,Marlon Vera,Aiemann Zahabi,True,"L
  


Marlon Vera 


      ""Chito"""
http://ufcstats.com/fight-details/ecdbb3a5216b815e,Kyle Prepolec,Drew Dober,True,"L
  


Kyle Prepolec 


      ""Killshot"""
http://ufcstats.com/fight-details/c82acd7b17915591,Manon Fiorot,Jasmine Jasudavicius,True,"W
  


Manon Fiorot 


      ""The Beast"""
http://ufcstats.com/fight-details/096e00355c8c84ac,Danny Barlow,Djorden Santos,True,"L
  


Danny Barlow 


      ""LeftHand2God"""
http://ufcstats.com/fight-details/668a44403a130043,Bruno Silva,HyunSung Park,True,"W
  


Bruno Silva 


      ""Bulldog"""
http://ufcstats.com/fight-details/dec301fd5e99ca46,Melissa Croden,Tainara Lisboa,True,"W
  


Melissa Croden 


      ""Scare"""
http://ufcstats.com/fight-details/d61373d9fdf01a12,Reinier de Ridder,Brendan Allen,True,"L
  


Reinier de Ridder 


      ""RdR"""
http://ufcstats.com/fight-details/87ac0e5face106b4,Azamat Bekoev,Yousri Belgaroui,True,"L
  


Azamat Bekoev 


      ""Iron"""
http://ufcstats.com/fight-details/8d9458121f0c4b95,Stephanie Luciano,Ravena Oliveira,True,"W
  


Stephanie Luciano 


      ""Rondinha"""
http://ufcstats.com/fight-details/a18edcb638ba7e39,Charles Jourdain,Davey Grant,True,"W
  


Charles Jourdain 


      ""Air"""
http://ufcstats.com/fight-details/03377f7bf8a2d5ff,Jhonata Diniz,Mario Pinto,True,"L
  


Jhonata Diniz"
http://ufcstats.com/fight-details/f295eb2a7b0ba4b7,Deiveson Figueiredo,Montel Jackson,True,"W
  


Deiveson Figueiredo 


      ""Deus da Guerra"""
http://ufcstats.com/fight-details/766b0b26c40525de,Jafel Filho,Clayton Carpenter,True,"W
  


Jafel Filho 


      ""Pastor"""
http://ufcstats.com/fight-details/c547b3e95bcc5f24,Julia Polastri,Karolina Kowalkiewicz,True,"W
  


Julia Polastri 


      ""Psycho"""
http://ufcstats.com/fight-details/cff0abc02974fb4a,Lucas Almeida,Michael Aswell Jr.,True,"L
  


Lucas Almeida"
http://ufcstats.com/fight-details/546f971f9d8e0a33,Bia Mesquita,Irina Alekseeva,True,"W
  


Bia Mesquita"
http://ufcstats.com/fight-details/a815dafc89adf33b,Vitor Petrino,Thomas Petersen,True,"W
  


Vitor Petrino"
http://ufcstats.com/fight-details/6188b7fb3f8daacc,Vicente Luque,Joel Alvarez,True,"L
  


Vicente Luque 


      ""The Silent Assassin"""
http://ufcstats.com/fight-details/0f9e7d0d04e24b74,Luan Lacerda,Saimon Oliveira,True,"W
  


Luan Lacerda"
http://ufcstats.com/fight-details/2aef1a91d26dde42,Ricardo Ramos,Kaan Ofli,True,"L
  


Ricardo Ramos"
http://ufcstats.com/fight-details/434abaea90ccd299,Lucas Rocha,Stewart Nicoll,True,"W
  


Lucas Rocha 


      ""Fenomeno"""
http://ufcstats.com/fight-details/79865287be90e4be,Charles Oliveira,Mateusz Gamrot,True,"W
  


Charles Oliveira 


      ""Do Bronxs"""
http://ufcstats.com/fight-details/a8511df8285f5c91,Merab Dvalishvili,Cory Sandhagen,True,"W
  


Merab Dvalishvili 


      ""The Machine"""
http://ufcstats.com/fight-details/7b34aa1eb09b8301,Daniel Santos,JooSang Yoo,True,"W
  


Daniel Santos 


      ""Willycat"""
http://ufcstats.com/fight-details/b09ecdc8ef0f0d20,Patchy Mix,Jakub Wiklacz,True,"L
  


Patchy Mix 


      ""No Love"""
http://ufcstats.com/fight-details/0de1ef0b9f3a79c0,Magomed Ankalaev,Alex Pereira,True,"L
  


Magomed Ankalaev"
http://ufcstats.com/fight-details/e53fd165a3bc1f8e,Chris Gutierrez,Farid Basharat,True,"L
  


Chris Gutierrez 


      ""El Guapo"""
http://ufcstats.com/fight-details/8353b491afa7bc32,Macy Chiasson,Yana Santos,True,"L
  


Macy Chiasson"
http://ufcstats.com/fight-details/84ebd144d5e79c88,Josh Emmett,Youssef Zalal,True,"L
  


Josh Emmett 


      ""CC0"""
http://ufcstats.com/fight-details/a951090fb402fd20,Punahele Soriano,Nikolay Veretennikov,True,"W
  


Punahele Soriano 


      ""Puna"""
http://ufcstats.com/fight-details/9418ebb3db2a4bae,Ateba Gautier,Tre'ston Vines,True,"W
  


Ateba Gautier 


      ""The Silent Assassin"""
http://ufcstats.com/fight-details/b98bc1ecb94ef4a5,Ramiz Brahimaj,Austin Vanderford,True,"W
  


Ramiz Brahimaj"
http://ufcstats.com/fight-details/d006dd2513bd376d,Abus Magomedov,Joe Pyfer,True,"L
  


Abus Magomedov"
http://ufcstats.com/fight-details/98883348ddb3be33,Veronica Hardy,Brogan Walker,True,"W
  


Veronica Hardy"
http://ufcstats.com/fight-details/2560ea97b2cce4ef,Jiri Prochazka,Khalil Rountree Jr.,True,"W
  


Jiri Prochazka"
http://ufcstats.com/fight-details/1c7cc3a22ab7d907,Edmen Shahbazyan,Andre Muniz,True,"W
  


Edmen Shahbazyan 


      ""The Golden Boy"""
http://ufcstats.com/fight-details/8abad36b4c5e4070,Tom Nolan,Charlie Campbell,True,"W
  


Tom Nolan 


      ""Big Train"""
http://ufcstats.com/fight-details/93a0a19c2c1cfe66,Cam Rowston,Andre Petroski,True,"W
  


Cam Rowston"
http://ufcstats.com/fight-details/f5fb8b182020c59d,Jimmy Crute,Ivan Erslan,True,"W
  


Jimmy Crute"
http://ufcstats.com/fight-details/a3ee907c77544cde,Carlos Ulberg,Dominick Reyes,True,"W
  


Carlos Ulberg 


      ""Black Jag"""
http://ufcstats.com/fight-details/dc31d3260dea7dcf,Navajo Stirling,Rodolfo Bellato,True,"W
  


Navajo Stirling"
http://ufcstats.com/fight-details/e35f7504d83b8b07,Loma Lookboonmee,Alexia Thainara,True,"L
  


Loma Lookboonmee"
http://ufcstats.com/fight-details/140937779a2466a7,Brando Pericic,Elisha Ellison,True,"W
  


Brando Pericic 


      ""The Balkan Bear"""
http://ufcstats.com/fight-details/e2dc4fb7b5c0ce76,Jamie Mullarkey,Rolando Bedoya,True,"W
  


Jamie Mullarkey"
http://ufcstats.com/fight-details/44cd8c9f622e155f,Michelle Montague,Luana Carolina,True,"W
  


Michelle Montague 


      ""The Wild One"""
http://ufcstats.com/fight-details/1ff24d5f760e0491,Jake Matthews,Neil Magny,True,"L
  


Jake Matthews 


      ""The Celtic Kid"""
http://ufcstats.com/fight-details/38248c5d13f273e6,Jack Jenkins,Ramon Taveras,True,"W
  


Jack Jenkins 


      ""Phar"""
http://ufcstats.com/fight-details/81127436605d3c88,Colby Thicknesse,Josias Musasa,True,"W
  


Colby Thicknesse 


      ""Slickness"""
http://ufcstats.com/fight-details/9474f64347aade7a,Tatiana Suarez,Amanda Lemos,True,"W
  


Tatiana Suarez"
http://ufcstats.com/fight-details/114d2f6fcd3f6f00,Kelvin Gastelum,Dustin Stoltzfus,True,"W
  


Kelvin Gastelum"
http://ufcstats.com/fight-details/944b929130b23c2a,Rob Font,David Martinez,True,"L
  


Rob Font"
http://ufcstats.com/fight-details/7cbfeba85f86d1bf,Rafa Garcia,Jared Gordon,True,"W
  


Rafa Garcia 


      ""Gifted"""
http://ufcstats.com/fight-details/352839a03b428e74,Claudio Puelles,Joaquim Silva,True,"L
  


Claudio Puelles 


      ""Prince of Peru"""
http://ufcstats.com/fight-details/de1a3734be60e6a1,Diego Lopes,Jean Silva,True,"W
  


Diego Lopes"
http://ufcstats.com/fight-details/3dc1a6335d890650,Jesus Aguilar,Luis Gurule,True,"W
  


Jesus Aguilar"
http://ufcstats.com/fight-details/3dd2fde7bff79c51,Rodrigo Sezinando,Daniil Donchenko,True,"L
  


Rodrigo Sezinando"
http://ufcstats.com/fight-details/d822ebc7dbc6c259,Zachary Reese,Sedriques Dumas,True,
http://ufcstats.com/fight-details/202c47db69768356,Alexander Hernandez,Diego Ferreira,True,"W
  


Alexander Hernandez 


      ""El Gran Chango"""
http://ufcstats.com/fight-details/07a378b257aad5a9,Jose Daniel Medina,Dusko Todorovic,True,"L
  


Jose Daniel Medina 


      ""Chicho"""
http://ufcstats.com/fight-details/c4a6174b0698652e,Montse Rendon,Alice Pereira,True,"W
  


Montse Rendon 


      ""Monster"""
http://ufcstats.com/fight-details/8a884a7930d75ca9,Santiago Luna,Quang Le,True,"W
  


Santiago Luna 


      ""BorderBoy"""
http://ufcstats.com/fight-details/a1e193425e716b42,Alessandro Costa,Alden Coria,True,"L
  


Alessandro Costa 


      ""Nono"""
http://ufcstats.com/fight-details/0149e875b31e57f8,Modestas Bukauskas,Paul Craig,True,"W
  


Modestas Bukauskas 


      ""The Baltic Gladiator"""
http://ufcstats.com/fight-details/d14fea43712707f0,Benoit Saint Denis,Mauricio Ruffy,True,"W
  


Benoit Saint Denis 


      ""God of War"""
http://ufcstats.com/fight-details/23dbe713c4294c66,Marcin Tybura,Ante Delija,True,"L
  


Marcin Tybura 


      ""Tybur"""
http://ufcstats.com/fight-details/a47123ae6e048f11,Axel Sola,Rhys McKee,True,"W
  


Axel Sola"
http://ufcstats.com/fight-details/b53031bf4bd0a330,William Gomis,Robert Ruchala,True,"W
  


William Gomis 


      ""Jaguar"""
http://ufcstats.com/fight-details/420211200a35c1d1,Sam Patterson,Trey Waters,True,"W
  


Sam Patterson"
http://ufcstats.com/fight-details/a38010639e61885c,Shauna Bannon,Sam Hughes,True,"L
  


Shauna Bannon 


      ""Mama B"""
http://ufcstats.com/fight-details/69b31593175f77ec,Bolaji Oki,Mason Jones,True,"L
  


Bolaji Oki 


      ""The Zulu Warrior"""
http://ufcstats.com/fight-details/5cd2dd6075fadcce,Harry Hardwick,Kaue Fernandes,True,"L
  


Harry Hardwick 


      ""Houdini"""
http://ufcstats.com/fight-details/b3253e2c2d111030,Brad Tavares,Robert Bryczek,True,"L
  


Brad Tavares"
http://ufcstats.com/fight-details/5bcd8abf6da01dae,Nassourdine Imavov,Caio Borralho,True,"W
  


Nassourdine Imavov 


      ""The Sniper"""
http://ufcstats.com/fight-details/4080b4310d82b42d,Oumar Sy,Brendson Ribeiro,True,"W
  


Oumar Sy"
http://ufcstats.com/fight-details/d56a59a4c79cf515,Andreas Gustafsson,Rinat Fakhretdinov,True,"L
  


Andreas Gustafsson 


      ""Bane"""
http://ufcstats.com/fight-details/ce6bd165bef82bd7,Sumudaerji,Kevin Borjas,True,"W
  


 Sumudaerji 


      ""The Tibetan Eagle"""
http://ufcstats.com/fight-details/1ab1ed99a4bc5494,Charles Johnson,Lone'er Kavanagh,True,"W
  


Charles Johnson 


      ""InnerG"""
http://ufcstats.com/fight-details/130e622d4d2aee3e,Michel Pereira,Kyle Daukaus,True,"L
  


Michel Pereira 


      ""Demolidor"""
http://ufcstats.com/fight-details/0b1460c666e66d39,Maheshate,Gauge Young,True,"L
  


 Maheshate"
http://ufcstats.com/fight-details/5538d15c4eeac3b3,Sergei Pavlovich,Waldo Cortes-Acosta,True,"W
  


Sergei Pavlovich"
http://ufcstats.com/fight-details/2f6065fe0804d1d8,Xiao Long,SuYoung You,True,"L
  


Xiao Long"
http://ufcstats.com/fight-details/2eecf0c36192e40c,Johnny Walker,Zhang Mingyang,True,"W
  


Johnny Walker"
http://ufcstats.com/fight-details/f55749e32ce5c6f3,Rongzhu,Austin Hubbard,True,"W
  


 Rongzhu"
http://ufcstats.com/fight-details/f0b7caa90faf47e5,Yizha,Westin Wilson,True,"W
  


 Yizha"
http://ufcstats.com/fight-details/7fc5f1dc2df84ac7,Uran Satybaldiev,Diyar Nurgozhay,True,"W
  


Uran Satybaldiev 


      ""Gorilla"""
http://ufcstats.com/fight-details/58080e8989927500,Brian Ortega,Aljamain Sterling,True,"L
  


Brian Ortega 


      ""T-City"""
http://ufcstats.com/fight-details/1452c20d964c0a63,Taiyilake Nueraji,Kiefer Crosbie,True,"W
  


Taiyilake Nueraji 


      ""Super Saiyan"""
http://ufcstats.com/fight-details/1d8dc0fb5d47357f,Chase Hooper,Alexander Hernandez,True,"L
  


Chase Hooper 


      ""The Dream"""
http://ufcstats.com/fight-details/42585ce706c086de,Geoff Neal,Carlos Prates,True,"L
  


Geoff Neal 


      ""Handz of Steel"""
http://ufcstats.com/fight-details/82338ba457fbe87f,Tim Elliott,Kai Asakura,True,"W
  


Tim Elliott"
http://ufcstats.com/fight-details/a2eafd9e1d5031b1,Jessica Andrade,Loopy Godinez,True,"L
  


Jessica Andrade 


      ""Bate Estaca"""
http://ufcstats.com/fight-details/bc63f1b2e52f603e,Edson Barboza,Drakkar Klose,True,"L
  


Edson Barboza 


      ""Junior"""
http://ufcstats.com/fight-details/12cedec11b37ddc0,Dricus Du Plessis,Khamzat Chimaev,True,"L
  


Dricus Du Plessis 


      ""Stillknocks"""
http://ufcstats.com/fight-details/5b880d10b0ed7acc,Gerald Meerschaert,Michal Oleksiejczuk,True,"L
  


Gerald Meerschaert 


      ""GM3"""
http://ufcstats.com/fight-details/88020d22cf905792,Karine Silva,Dione Barbosa,True,"W
  


Karine Silva 


      ""Killer"""
http://ufcstats.com/fight-details/9939d7073462e07e,Jared Cannonier,Michael Page,True,"L
  


Jared Cannonier 


      ""The Killa Gorilla"""
http://ufcstats.com/fight-details/5efd13a12be06706,Baisangur Susurkaev,Eric Nolan,True,"W
  


Baisangur Susurkaev 


      ""Hunter"""
http://ufcstats.com/fight-details/68c423c7119004f3,Alibi Idiris,Joseph Morales,True,"L
  


Alibi Idiris"
http://ufcstats.com/fight-details/9fa6a029f7f8241c,Lerone Murphy,Aaron Pico,True,"W
  


Lerone Murphy 


      ""The Miracle"""
http://ufcstats.com/fight-details/37d58369782cb86b,Steve Erceg,Ode Osbourne,True,"W
  


Steve Erceg 


      ""Astroboy"""
http://ufcstats.com/fight-details/3d6571790c21527c,Julius Walker,Rafael Cerqueira,True,"W
  


Julius Walker 


      ""Juice Box"""
http://ufcstats.com/fight-details/75a84211f50c53f5,Eryk Anders,Christian Leroy Duncan,True,"L
  


Eryk Anders 


      ""Ya Boi"""
http://ufcstats.com/fight-details/6ef50ed03b116b60,Gabriella Fernandes,Julija Stoliarenko,True,"W
  


Gabriella Fernandes 


      ""Gabi"""
http://ufcstats.com/fight-details/7d923267c44dd93b,Uros Medic,Gilbert Urbina,True,"W
  


Uros Medic 


      ""The Doctor"""
http://ufcstats.com/fight-details/857e8facd8ff7c36,Cody Brundage,Eric McConico,True,"L
  


Cody Brundage"
http://ufcstats.com/fight-details/646c79a7ecd12e5f,Iasmin Lucindo,Angela Hill,True,"W
  


Iasmin Lucindo"
http://ufcstats.com/fight-details/98d6771af9b0ebe5,Andre Fili,Christian Rodriguez,True,"W
  


Andre Fili 


      ""Touchy"""
http://ufcstats.com/fight-details/aef44145740741b3,Joselyne Edwards,Priscila Cachoeira,True,"W
  


Joselyne Edwards 


      ""La Pantera"""
http://ufcstats.com/fight-details/68fe62bac7fd8bb0,Roman Dolidze,Anthony Hernandez,True,"L
  


Roman Dolidze"
http://ufcstats.com/fight-details/ae7a8f19743e8154,Elijah Smith,Toshiomi Kazama,True,"W
  


Elijah Smith 


      ""Swift"""
http://ufcstats.com/fight-details/ed5383b50ffcdded,Miles Johns,Jean Matsumoto,True,"L
  


Miles Johns 


      ""Chapo"""
http://ufcstats.com/fight-details/c62ed8a6002b5360,Karol Rosa,Nora Cornolle,True,"W
  


Karol Rosa"
http://ufcstats.com/fight-details/07c2af68b6dbc4ec,Austin Bashi,John Yannis,True,"W
  


Austin Bashi"
http://ufcstats.com/fight-details/282c8c6c1ed82bfb,Tatsuro Taira,HyunSung Park,True,"W
  


Tatsuro Taira"
http://ufcstats.com/fight-details/eeeffa7f514e0c0e,Rinya Nakamura,Nathan Fletcher,True,"W
  


Rinya Nakamura 


      ""Hybred"""
http://ufcstats.com/fight-details/111e66eb922449e4,Danny Silva,Kevin Vallejos,True,"L
  


Danny Silva 


      ""El Puma"""
http://ufcstats.com/fight-details/b3c695728e177fd4,Nick Klein,Andrey Pulyaev,True,"L
  


Nick Klein 


      ""Blue Collar"""
http://ufcstats.com/fight-details/426a69e343822ab3,Mateusz Rebecki,Chris Duncan,True,"L
  


Mateusz Rebecki"
http://ufcstats.com/fight-details/878941394f9e3538,Elves Brener,Esteban Ribovics,True,"L
  


Elves Brener"
http://ufcstats.com/fight-details/b47db03affb279c3,Rafael Estevam,Felipe Bunes,True,"W
  


Rafael Estevam 


      ""Macapa"""
http://ufcstats.com/fight-details/d98d6b2c13557a87,Piera Rodriguez,Ketlen Souza,True,"W
  


Piera Rodriguez 


      ""La Fiera"""
http://ufcstats.com/fight-details/45781930d64da456,Rodolfo Vieira,Tresean Gore,True,"W
  


Rodolfo Vieira"
http://ufcstats.com/fight-details/ac57250e3de89d5d,Neil Magny,Elizeu Zaleski dos Santos,True,"W
  


Neil Magny 


      ""The Haitian Sensation"""
http://ufcstats.com/fight-details/3e6067763978d862,Amanda Ribas,Tabatha Ricci,True,"L
  


Amanda Ribas"
http://ufcstats.com/fight-details/f9dac7702609669f,Ibo Aslan,Billy Elekana,True,"L
  


Ibo Aslan 


      ""The Last Ottoman"""
http://ufcstats.com/fight-details/6b8be0ee3e569ad2,Robert Whittaker,Reinier de Ridder,True,"L
  


Robert Whittaker 


      ""The Reaper"""
http://ufcstats.com/fight-details/887c61da1a78a5e1,Asu Almabayev,Jose Ochoa,True,"W
  


Asu Almabayev 


      ""Zulfikar"""
http://ufcstats.com/fight-details/e72c691b7c68b03a,Bryce Mitchell,Said Nurmagomedov,True,"W
  


Bryce Mitchell 


      ""Thug Nasty"""
http://ufcstats.com/fight-details/582d66ce97309e29,Shara Magomedov,Marc-Andre Barriault,True,"W
  


Shara Magomedov 


      ""Bullet"""
http://ufcstats.com/fight-details/d4d4ee045b0ca695,Petr Yan,Marcus McGhee,True,"W
  


Petr Yan 


      ""No Mercy"""
http://ufcstats.com/fight-details/77f960d82cda0b76,Nikita Krylov,Bogdan Guskov,True,"L
  


Nikita Krylov 


      ""The Miner"""
http://ufcstats.com/fight-details/017a825c7820d12e,Davey Grant,Da'Mon Blackshear,True,"W
  


Davey Grant 


      ""Dangerous"""
http://ufcstats.com/fight-details/0a598768f5c8d540,Martin Buday,Marcus Buchecha,True,"W
  


Martin Buday 


      ""Badys"""
http://ufcstats.com/fight-details/23ddf51ce630028d,Mohammad Yahya,Steven Nguyen,True,"L
  


Mohammad Yahya 


      ""The UAE Warrior"""
http://ufcstats.com/fight-details/7c075e3383198e14,Muslim Salikhov,Carlos Leal,True,"W
  


Muslim Salikhov 


      ""King of Kung Fu"""
http://ufcstats.com/fight-details/d2cb92fdf6a497e9,Kyler Phillips,Vinicius Oliveira,True,"L
  


Kyler Phillips 


      ""The Matrix"""
http://ufcstats.com/fight-details/a602c68147b752b2,Carli Judice,Nicolle Caliari,True,"W
  


Carli Judice 


      ""Crispy"""
http://ufcstats.com/fight-details/a95b03e9b5a91e47,Michael Johnson,Daniel Zellhuber,True,"W
  


Michael Johnson 


      ""The Menace"""
http://ufcstats.com/fight-details/acc961fd5cf5c62e,Dan Ige,Patricio Freire,True,"L
  


Dan Ige 


      ""50K"""
http://ufcstats.com/fight-details/df2ed8b509fbdbdc,Francisco Prado,Nikolay Veretennikov,True,"L
  


Francisco Prado"
http://ufcstats.com/fight-details/798652dbea086910,Jimmy Crute,Marcin Prachnio,True,"W
  


Jimmy Crute"
http://ufcstats.com/fight-details/182ee320edb1b5ed,Ryan Spann,Lukasz Brzeski,True,"W
  


Ryan Spann 


      ""Superman"""
http://ufcstats.com/fight-details/74099d470e8d2765,Brunno Ferreira,Jackson McVey,True,"W
  


Brunno Ferreira 


      ""The Hulk"""
http://ufcstats.com/fight-details/72e477b41f44e358,Ateba Gautier,Robert Valentin,True,"W
  


Ateba Gautier 


      ""The Silent Assassin"""
http://ufcstats.com/fight-details/8e1feda9141602f1,Marvin Vettori,Brendan Allen,True,"L
  


Marvin Vettori 


      ""The Italian Dream"""
http://ufcstats.com/fight-details/d7507e2741fd4d05,Max Holloway,Dustin Poirier,True,"W
  


Max Holloway 


      ""Blessed"""
http://ufcstats.com/fight-details/5dde61734080ac4a,Kevin Holland,Daniel Rodriguez,True,"L
  


Kevin Holland 


      ""Trailblazer"""
http://ufcstats.com/fight-details/23c963be9de38205,Paulo Costa,Roman Kopylov,True,"W
  


Paulo Costa 


      ""The Eraser"""
http://ufcstats.com/fight-details/37bc72d5d211b189,Adam Fugitt,Islam Dulatov,True,"L
  


Adam Fugitt"
http://ufcstats.com/fight-details/f368475c366c6d85,Calvin Kattar,Steve Garcia,True,"L
  


Calvin Kattar"
http://ufcstats.com/fight-details/0adfc21045c02555,Derrick Lewis,Tallison Teixeira,True,"W
  


Derrick Lewis 


      ""The Black Beast"""
http://ufcstats.com/fight-details/b19bf99c7eb796bc,Junior Tafa,Tuco Tokkos,True,"L
  


Junior Tafa 


      ""The Juggernaut"""
http://ufcstats.com/fight-details/d5e3be7a07c48b08,Jake Matthews,Chidi Njokuani,True,"W
  


Jake Matthews 


      ""The Celtic Kid"""
http://ufcstats.com/fight-details/7f33fbdc35afd721,Mitch Ramirez,Mike Davis,True,"L
  


Mitch Ramirez"
http://ufcstats.com/fight-details/5c650ae2193ab1bc,Kennedy Nzechukwu,Valter Walker,True,"L
  


Kennedy Nzechukwu 


      ""African Savage"""
http://ufcstats.com/fight-details/4b75d3b7738cb278,Vitor Petrino,Austen Lane,True,"W
  


Vitor Petrino"
http://ufcstats.com/fight-details/4e5d4a36eaaa3a78,Nate Landwehr,Morgan Charriere,True,"L
  


Nate Landwehr 


      ""The Train"""
http://ufcstats.com/fight-details/236f811290163dca,Max Griffin,Chris Curtis,True,"L
  


Max Griffin 


      ""Pain"""
http://ufcstats.com/fight-details/46bc1338a50cbeac,Lauren Murphy,Eduarda Moura,True,"L
  


Lauren Murphy 


      ""Lucky"""
http://ufcstats.com/fight-details/2a03bc4c491b4c9a,Stephen Thompson,Gabriel Bonfim,True,"L
  


Stephen Thompson 


      ""Wonderboy"""
http://ufcstats.com/fight-details/120d66cb0da0f3c3,Fatima Kline,Melissa Martinez,True,"W
  


Fatima Kline 


      ""The Archangel"""
http://ufcstats.com/fight-details/1ea9ad3b6e1cba79,Beneil Dariush,Renato Moicano,True,"W
  


Beneil Dariush"
http://ufcstats.com/fight-details/7a64d63e12618ba7,Ilia Topuria,Charles Oliveira,True,"W
  


Ilia Topuria 


      ""El Matador"""
http://ufcstats.com/fight-details/043172689e415438,Jhonata Diniz,Alvin Hines,True,"W
  


Jhonata Diniz"
http://ufcstats.com/fight-details/9bff9fe298e63357,Niko Price,Jacobe Smith,True,"L
  


Niko Price 


      ""The Hybrid"""
http://ufcstats.com/fight-details/d7be78c400e7e0f9,Terrance McKinney,Viacheslav Borshchev,True,"W
  


Terrance McKinney 


      ""T. Wrecks"""
http://ufcstats.com/fight-details/2f523b757f7f33a2,Hyder Amil,Jose Delgado,True,"L
  


Hyder Amil 


      ""The Hurricane"""
http://ufcstats.com/fight-details/958522de54ccc536,Jack Hermansson,Gregory Rodrigues,True,"L
  


Jack Hermansson 


      ""The Joker"""
http://ufcstats.com/fight-details/f722b96ae6862843,Brandon Royval,Joshua Van,True,"L
  


Brandon Royval 


      ""Raw Dawg"""
http://ufcstats.com/fight-details/8308464729ea7c40,Alexandre Pantoja,Kai Kara-France,True,"W
  


Alexandre Pantoja 


      ""The Cannibal"""
http://ufcstats.com/fight-details/815ff62ca8e217be,Viviane Araujo,Tracy Cortez,True,"L
  


Viviane Araujo 


      ""Vivi"""
http://ufcstats.com/fight-details/f6a3c78f15ff26c7,Payton Talbott,Felipe Lima,True,"W
  


Payton Talbott"
http://ufcstats.com/fight-details/5fcf18bcd2a020f1,Ismail Naurdiev,JunYong Park,True,"L
  


Ismail Naurdiev"
http://ufcstats.com/fight-details/8e5744c664fec3e9,Curtis Blaydes,Rizvan Kuniev,True,"W
  


Curtis Blaydes 


      ""Razor"""
http://ufcstats.com/fight-details/a1afc16e21d1a807,Rafael Fiziev,Ignacio Bahamondes,True,"W
  


Rafael Fiziev 


      ""Ataman"""
http://ufcstats.com/fight-details/fff3218758c513b8,Daria Zhelezniakova,Melissa Mullins,True,"W
  


Daria Zhelezniakova 


      ""Iron Lady"""
http://ufcstats.com/fight-details/03bc32bdb5a33496,Jamahal Hill,Khalil Rountree Jr.,True,"L
  


Jamahal Hill 


      ""Sweet Dreams"""
http://ufcstats.com/fight-details/36ec204f47e4d613,Tofiq Musayev,Myktybek Orolbai,True,"L
  


Tofiq Musayev"
http://ufcstats.com/fight-details/a12d3a6c8aaf87ca,Hamdy Abdelwahab,Mohammed Usman,True,"L
  


Hamdy Abdelwahab 


      ""The Hammer"""
http://ufcstats.com/fight-details/7513a00037094075,Nazim Sadykhov,Nikolas Motta,True,"W
  


Nazim Sadykhov 


      ""Black Wolf"""
http://ufcstats.com/fight-details/2bfc0212f2cae65b,Irina Alekseeva,Klaudia Sygula,True,"L
  


Irina Alekseeva 


      ""Russian Ronda"""
http://ufcstats.com/fight-details/e512b80bbaea36c2,Seokhyeon Ko,Oban Elliott,True,"W
  


Seokhyeon Ko 


      ""The Korean Tyson"""
http://ufcstats.com/fight-details/8c140756bf43dcc2,Tagir Ulanbekov,Azat Maksum,True,"W
  


Tagir Ulanbekov"
http://ufcstats.com/fight-details/19764211af05674c,Muhammad Naimov,Bogdan Grad,True,"W
  


Muhammad Naimov 


      ""Hillman"""
http://ufcstats.com/fight-details/1714950933f88ab9,Cody Garbrandt,Raoni Barcelos,True,"L
  


Cody Garbrandt 


      ""No Love"""
http://ufcstats.com/fight-details/08c04f18b0f58d71,Mansur Abdul-Malik,Cody Brundage,True,
http://ufcstats.com/fight-details/79dfbbdd14fbbd11,Rose Namajunas,Miranda Maverick,True,"W
  


Rose Namajunas 


      ""Thug"""
http://ufcstats.com/fight-details/ab325ea526824723,Jamey-Lyn Horth,Vanessa Demopoulos,True,"W
  


Jamey-Lyn Horth"
http://ufcstats.com/fight-details/2ae7404681deb3b3,Phil Rowe,Ange Loosa,True,"W
  


Phil Rowe 


      ""The Fresh Prince"""
http://ufcstats.com/fight-details/e861e9cc0118c670,Michael Chiesa,Court McGee,True,"W
  


Michael Chiesa 


      ""Maverick"""
http://ufcstats.com/fight-details/b39b8ff0d7de211a,Cody Durden,Jose Ochoa,True,"L
  


Cody Durden 


      ""Custom Made"""
http://ufcstats.com/fight-details/13e2ff8b3a122094,Paul Craig,Rodolfo Bellato,True,
http://ufcstats.com/fight-details/59c4fdb3c0673066,Ricky Simon,Cameron Smotherman,True,"W
  


Ricky Simon"
http://ufcstats.com/fight-details/ec2034b134ae71cd,Alonzo Menifield,Oumar Sy,True,"W
  


Alonzo Menifield 


      ""Atomic"""
http://ufcstats.com/fight-details/d75b3d3c2b209b75,Kamaru Usman,Joaquin Buckley,True,"W
  


Kamaru Usman 


      ""The Nigerian Nightmare"""
http://ufcstats.com/fight-details/e5bd7e6e2a50a843,Edmen Shahbazyan,Andre Petroski,True,"W
  


Edmen Shahbazyan 


      ""The Golden Boy"""
http://ufcstats.com/fight-details/f6454f2e508626ec,Malcolm Wellmaker,Kris Moutinho,True,"W
  


Malcolm Wellmaker 


      ""The Machine"""
http://ufcstats.com/fight-details/01100a90b584215d,Azamat Murzakanov,Brendson Ribeiro,True,"W
  


Azamat Murzakanov 


      ""The Professional"""
http://ufcstats.com/fight-details/2129acab2280bd29,Vicente Luque,Kevin Holland,True,"L
  


Vicente Luque 


      ""The Silent Assassin"""
http://ufcstats.com/fight-details/e61d83e4e1f9c4d7,Merab Dvalishvili,Sean O'Malley,True,"W
  


Merab Dvalishvili 


      ""The Machine"""
http://ufcstats.com/fight-details/9f4a0de31375ba04,Jeka Saragih,JooSang Yoo,True,"L
  


Jeka Saragih"
http://ufcstats.com/fight-details/b6a87389bdc36a00,Bruno Silva,Joshua Van,True,"L
  


Bruno Silva 


      ""Bulldog"""
http://ufcstats.com/fight-details/f0488a4486a64af0,Khaos Williams,Andreas Gustafsson,True,"L
  


Khaos Williams 


      ""The OxFighter"""
http://ufcstats.com/fight-details/e28e829800466aca,Kelvin Gastelum,Joe Pyfer,True,"L
  


Kelvin Gastelum"
http://ufcstats.com/fight-details/d078e9046aa86307,Ariane da Silva,Wang Cong,True,"L
  


Ariane da Silva 


      ""Queen of Violence"""
http://ufcstats.com/fight-details/0e8599eca8ccfa32,MarQuel Mederos,Mark Choinski,True,"W
  


MarQuel Mederos"
http://ufcstats.com/fight-details/2e4064e0e6d4d92e,Quillan Salkilld,Yanal Ashmouz,True,"W
  


Quillan Salkilld"
http://ufcstats.com/fight-details/81b84b34f0357fa5,Julianna Pena,Kayla Harrison,True,"L
  


Julianna Pena 


      ""The Venezuelan Vixen"""
http://ufcstats.com/fight-details/df5dac45fc585fb0,Mario Bautista,Patchy Mix,True,"W
  


Mario Bautista"
http://ufcstats.com/fight-details/ac977a0389682124,Serghei Spivac,Waldo Cortes-Acosta,True,"L
  


Serghei Spivac 


      ""Polar Bear"""
http://ufcstats.com/fight-details/ad68450307a21ab1,Zachary Reese,Dusko Todorovic,True,"W
  


Zachary Reese 


      ""Savage"""
http://ufcstats.com/fight-details/2521fed000747f47,Kurt Holobaugh,Jordan Leavitt,True,"L
  


Kurt Holobaugh 


      ""The Hurt"""
http://ufcstats.com/fight-details/73240bea13ed5e71,Rayanne dos Santos,Alice Ardelean,True,"L
  


Rayanne dos Santos"
http://ufcstats.com/fight-details/106918bfbe24335d,Ketlen Vieira,Macy Chiasson,True,"W
  


Ketlen Vieira 


      ""Fenomeno"""
http://ufcstats.com/fight-details/212527d462690304,Mateusz Gamrot,Ludovit Klein,True,"W
  


Mateusz Gamrot 


      ""Gamer"""
http://ufcstats.com/fight-details/7aaa810540132a4b,Dustin Jacoby,Bruno Lopes,True,"W
  


Dustin Jacoby 


      ""The Hanyak"""
http://ufcstats.com/fight-details/305d8c85b35a7d4e,Billy Ray Goff,Ramiz Brahimaj,True,"L
  


Billy Ray Goff"
http://ufcstats.com/fight-details/baa2ee0bf7f97079,Jafel Filho,Allan Nascimento,True,"L
  


Jafel Filho 


      ""Pastor"""
http://ufcstats.com/fight-details/ae89ba793121fe0c,Bolaji Oki,Michael Aswell Jr.,True,"W
  


Bolaji Oki 


      ""The Zulu Warrior"""
http://ufcstats.com/fight-details/d6e2bc6e6c0cc4fe,Yadier del Valle,Connor Matthews,True,"W
  


Yadier del Valle 


      ""The Cuban Problem"""
http://ufcstats.com/fight-details/a81ad236a2f221f2,Gilbert Burns,Michael Morales,True,"L
  


Gilbert Burns 


      ""Durinho"""
http://ufcstats.com/fight-details/afdd95ae7b7cdb0c,Tecia Pennington,Luana Pinheiro,True,"W
  


Tecia Pennington 


      ""Tiny Tornado"""
http://ufcstats.com/fight-details/8ba31cf0b3164b72,Jared Gordon,Thiago Moises,True,"W
  


Jared Gordon 


      ""Flash"""
http://ufcstats.com/fight-details/66887532be2de5ee,Elise Reed,Denise Gomes,True,"L
  


Elise Reed"
http://ufcstats.com/fight-details/a9a6cca4bbf7a5db,Gabe Green,Matheus Camilo,True,"W
  


Gabe Green 


      ""Gifted"""
http://ufcstats.com/fight-details/f75fe8b384b0db11,Luana Santos,Tainara Lisboa,True,"W
  


Luana Santos"
http://ufcstats.com/fight-details/18a7dc86279066f8,HyunSung Park,Carlos Hernandez,True,"W
  


HyunSung Park 


      ""Peace of Mind"""
http://ufcstats.com/fight-details/dcb27eef6441268c,Sodiq Yusuff,Mairon Santos,True,"L
  


Sodiq Yusuff 


      ""Super"""
http://ufcstats.com/fight-details/b3044bf646306e7f,Dustin Stoltzfus,Nursulton Ruziboev,True,"L
  


Dustin Stoltzfus"
http://ufcstats.com/fight-details/fe2acfdaaaec3dba,Julian Erosa,Melquizael Costa,True,"L
  


Julian Erosa 


      ""Juicy J"""
http://ufcstats.com/fight-details/c20bd12ae7f04eff,Brad Katona,Bekzat Almakhan,True,"L
  


Brad Katona 


      ""Superman"""
http://ufcstats.com/fight-details/c7190cd03e53fb61,Benoit Saint Denis,Kyle Prepolec,True,"W
  


Benoit Saint Denis 


      ""God of War"""
http://ufcstats.com/fight-details/b873c116e39c9920,Belal Muhammad,Jack Della Maddalena,True,"L
  


Belal Muhammad 


      ""Remember the Name"""
http://ufcstats.com/fight-details/6ecfa439ef900bcc,Marc-Andre Barriault,Bruno Silva,True,"W
  


Marc-Andre Barriault 


      ""Powerbar"""
http://ufcstats.com/fight-details/c812457a810dde39,Modestas Bukauskas,Ion Cutelaba,True,"W
  


Modestas Bukauskas 


      ""The Baltic Gladiator"""
http://ufcstats.com/fight-details/891b2faf1bff38ee,Jose Aldo,Aiemann Zahabi,True,"L
  


Jose Aldo"
http://ufcstats.com/fight-details/2521234a4bf7c615,Mike Malott,Charles Radtke,True,"W
  


Mike Malott 


      ""Proper"""
http://ufcstats.com/fight-details/0e0a4282cd6c86d7,Daniel Santos,JeongYeong Lee,True,"W
  


Daniel Santos 


      ""Willycat"""
http://ufcstats.com/fight-details/0f53eb509d0ffeb9,Alexa Grasso,Natalia Silva,True,"L
  


Alexa Grasso"
http://ufcstats.com/fight-details/9e9d1764a015f313,Valentina Shevchenko,Manon Fiorot,True,"W
  


Valentina Shevchenko 


      ""Bullet"""
http://ufcstats.com/fight-details/99aa1f28e22bb6dd,Navajo Stirling,Ivan Erslan,True,"W
  


Navajo Stirling"
http://ufcstats.com/fight-details/4db2d86ebe8c8abd,Jessica Andrade,Jasmine Jasudavicius,True,"L
  


Jessica Andrade 


      ""Bate Estaca"""
http://ufcstats.com/fight-details/191ee545160a4e09,Santiago Ponzinibbio,Daniel Rodriguez,True,"L
  


Santiago Ponzinibbio 


      ""Argentine Dagger"""
http://ufcstats.com/fight-details/380242601a2c5991,Reinier de Ridder,Bo Nickal,True,"W
  


Reinier de Ridder 


      ""RdR"""
http://ufcstats.com/fight-details/9039959b41901412,Jeremy Stephens,Mason Jones,True,"L
  


Jeremy Stephens 


      ""Lil' Heathen"""
http://ufcstats.com/fight-details/77ed474dfc5359ea,Ryan Loder,Azamat Bekoev,True,"L
  


Ryan Loder 


      ""Man of Steel"""
http://ufcstats.com/fight-details/c445401709421fa4,Thomas Petersen,Don'Tale Mayes,True,"W
  


Thomas Petersen 


      ""The Train"""
http://ufcstats.com/fight-details/6ccd10adc968e1f0,Cameron Smotherman,Serhiy Sidey,True,"L
  


Cameron Smotherman 


      ""The Baby-Faced Killa"""
http://ufcstats.com/fight-details/2707dc2245335cc1,Yana Santos,Miesha Tate,True,"W
  


Yana Santos"
http://ufcstats.com/fight-details/97b32ff27fd457a8,Gaston Bolanos,Quang Le,True,"L
  


Gaston Bolanos 


      ""The Dreamkiller"""
http://ufcstats.com/fight-details/469f887278324e63,Juliana Miller,Ivana Petrovic,True,"W
  


Juliana Miller 


      ""Killer"""
http://ufcstats.com/fight-details/6e26a6293ea6ba62,Marina Rodriguez,Gillian Robertson,True,"L
  


Marina Rodriguez"
http://ufcstats.com/fight-details/5ce29056e0cd2df9,Montel Jackson,Daniel Marcos,True,"W
  


Montel Jackson 


      ""Quik"""
http://ufcstats.com/fight-details/9b3bade95e1dd484,Cory Sandhagen,Deiveson Figueiredo,True,"W
  


Cory Sandhagen"
http://ufcstats.com/fight-details/fbf83609dc96f32e,Randy Brown,Nicolas Dalby,True,"W
  


Randy Brown 


      ""Rudeboy"""
http://ufcstats.com/fight-details/97770b38df67b276,Evan Elder,Gauge Young,True,"W
  


Evan Elder 


      ""The Phenom"""
http://ufcstats.com/fight-details/d8d22dcc1f6912e7,Matt Schnell,Jimmy Flick,True,"W
  


Matt Schnell 


      ""Danger"""
http://ufcstats.com/fight-details/a526a72ade275f46,Anthony Smith,Zhang Mingyang,True,"L
  


Anthony Smith 


      ""Lionheart"""
http://ufcstats.com/fight-details/6f3cb7ce84185dd3,Chris Gutierrez,John Castaneda,True,"W
  


Chris Gutierrez 


      ""El Guapo"""
http://ufcstats.com/fight-details/4072abf0b0c179f2,Giga Chikadze,David Onama,True,"L
  


Giga Chikadze 


      ""Ninja"""
http://ufcstats.com/fight-details/c2c20a04a78d9143,Malcolm Wellmaker,Cameron Saaiman,True,"W
  


Malcolm Wellmaker 


      ""The Machine"""
http://ufcstats.com/fight-details/e7b3ca036835b7c2,Jaqueline Amorim,Polyana Viana,True,"W
  


Jaqueline Amorim"
http://ufcstats.com/fight-details/7fd6770fe2d4f258,Chelsea Chandler,Joselyne Edwards,True,"L
  


Chelsea Chandler"
http://ufcstats.com/fight-details/7d51649373d42571,Da'Mon Blackshear,Alatengheili,True,"W
  


Da'Mon Blackshear 


      ""The Monster"""
http://ufcstats.com/fight-details/23201d09a78d446d,Timmy Cuamba,Roberto Romero,True,"W
  


Timmy Cuamba 


      ""Twilight"""
http://ufcstats.com/fight-details/633f4b5ec767769d,Ian Machado Garry,Carlos Prates,True,"W
  


Ian Machado Garry 


      ""The Future"""
http://ufcstats.com/fight-details/62fbdd4f0bcd3c2a,Ikram Aliskerov,Andre Muniz,True,"W
  


Ikram Aliskerov"
http://ufcstats.com/fight-details/9bbd45774fb4a6eb,Michel Pereira,Abus Magomedov,True,"L
  


Michel Pereira 


      ""Demolidor"""
http://ufcstats.com/fight-details/08e7a39eb7482ebf,Darren Elkins,Julian Erosa,True,"L
  


Darren Elkins 


      ""The Damage"""
http://ufcstats.com/fight-details/0eccebee160137b1,Yan Xiaonan,Virna Jandiroba,True,"L
  


Yan Xiaonan"
http://ufcstats.com/fight-details/0e71e69359db4d1e,Nora Cornolle,Hailey Cowan,True,"W
  


Nora Cornolle"
http://ufcstats.com/fight-details/8c540eb4afe8c43e,Bryce Mitchell,Jean Silva,True,"L
  


Bryce Mitchell 


      ""Thug Nasty"""
http://ufcstats.com/fight-details/e733f148060bef2a,Alexander Volkanovski,Diego Lopes,True,"W
  


Alexander Volkanovski 


      ""The Great"""
http://ufcstats.com/fight-details/d3be5a4e0ec273e2,Yair Rodriguez,Patricio Freire,True,"W
  


Yair Rodriguez 


      ""El Pantera"""
http://ufcstats.com/fight-details/b87d6f71d901355b,Tresean Gore,Marco Tulio,True,"L
  


Tresean Gore 


      ""Mr. Vicious"""
http://ufcstats.com/fight-details/b2d731415bd367df,Nikita Krylov,Dominick Reyes,True,"L
  


Nikita Krylov 


      ""The Miner"""
http://ufcstats.com/fight-details/fd98843926965cbd,Sumudaerji,Mitch Raposo,True,"W
  


 Sumudaerji 


      ""The Tibetan Eagle"""
http://ufcstats.com/fight-details/d05cb4c4135ce402,Michael Chandler,Paddy Pimblett,True,"L
  


Michael Chandler 


      ""Iron"""
http://ufcstats.com/fight-details/11eb27a1ac74d225,Jim Miller,Chase Hooper,True,"L
  


Jim Miller 


      ""A-10"""
http://ufcstats.com/fight-details/4bbda6c1f6cf9d4e,Sedriques Dumas,Michal Oleksiejczuk,True,"L
  


Sedriques Dumas 


      ""The Reaper"""
http://ufcstats.com/fight-details/fc43d60cbd6b0e6a,Dan Ige,Sean Woodson,True,"W
  


Dan Ige 


      ""50K"""
http://ufcstats.com/fight-details/cca4d763b1c6de0a,Vanessa Demopoulos,Talita Alencar,True,"L
  


Vanessa Demopoulos 


      ""Lil Monster"""
http://ufcstats.com/fight-details/a160e94fdb66de17,Pat Sabatini,Joanderson Brito,True,"W
  


Pat Sabatini"
http://ufcstats.com/fight-details/96cc199d78732d11,Martin Buday,Uran Satybaldiev,True,"W
  


Martin Buday 


      ""Badys"""
http://ufcstats.com/fight-details/fd088ce1481315a5,Loma Lookboonmee,Istela Nunes,True,"W
  


Loma Lookboonmee"
http://ufcstats.com/fight-details/fc3825dd1b67e39d,Cortavious Romious,ChangHo Lee,True,"L
  


Cortavious Romious"
http://ufcstats.com/fight-details/86a1be10255eea4e,Josh Emmett,Lerone Murphy,True,"L
  


Josh Emmett 


      ""CC0"""
http://ufcstats.com/fight-details/76641669c1607b7a,Diana Belbita,Dione Barbosa,True,"L
  


Diana Belbita 


      ""The Warrior Princess"""
http://ufcstats.com/fight-details/de9422207df2de64,Ode Osbourne,Luis Gurule,True,"W
  


Ode Osbourne 


      ""The Jamaican Sensation"""
http://ufcstats.com/fight-details/4b1aec2395ebca14,Victor Henry,Pedro Falcao,True,"W
  


Victor Henry 


      ""La Mangosta"""
http://ufcstats.com/fight-details/0c80eef2f4570543,Brad Tavares,Gerald Meerschaert,True,"W
  


Brad Tavares"
http://ufcstats.com/fight-details/d1368ca941c1fefc,Torrez Finney,Robert Valentin,True,"W
  


Torrez Finney 


      ""The Punisher"""
http://ufcstats.com/fight-details/58811a4e36c53b89,Rhys McKee,Daniel Frunza,True,"W
  


Rhys McKee 


      ""Skeletor"""
