event_url,fighter_1,fighter_2,weight_class,method,round,time
http://ufcstats.com/event-details/38e5d9dcb0fddc42,Brendan AllenReinier de Ridder,00,229,13,11,Middleweight
http://ufcstats.com/event-details/38e5d9dcb0fddc42,Mike MalottKevin Holland,00,4952,11,10,Welterweight
http://ufcstats.com/event-details/38e5d9dcb0fddc42,Aiemann ZahabiMarlon Vera,01,8156,00,00,Bantamweight
http://ufcstats.com/event-details/38e5d9dcb0fddc42,Manon FiorotJasmine Jasudavicius,00,162,00,00,Women's Flyweight
http://ufcstats.com/event-details/38e5d9dcb0fddc42,Charles JourdainDavey Grant,10,259,00,10,Bantamweight
http://ufcstats.com/event-details/38e5d9dcb0fddc42,Kyle NelsonMatt Frevola,10,6343,22,00,Lightweight
http://ufcstats.com/event-details/38e5d9dcb0fddc42,Drew DoberKyle Prepolec,00,8351,00,00,Lightweight
http://ufcstats.com/event-details/38e5d9dcb0fddc42,AoriqilengCody Gibson,10,53,00,00,Bantamweight
http://ufcstats.com/event-details/38e5d9dcb0fddc42,Bruno SilvaHyunSung Park,10,4631,51,10,Flyweight
http://ufcstats.com/event-details/38e5d9dcb0fddc42,Djorden SantosDanny Barlow,00,9993,00,00,Middleweight
http://ufcstats.com/event-details/38e5d9dcb0fddc42,Stephanie LucianoRavena Oliveira,00,6024,30,10,Women's Strawweight
http://ufcstats.com/event-details/38e5d9dcb0fddc42,Yousri BelgarouiAzamat Bekoev,00,10224,14,00,Middleweight
http://ufcstats.com/event-details/38e5d9dcb0fddc42,Melissa CrodenTainara Lisboa,10,9942,22,00,Women's Bantamweight
http://ufcstats.com/event-details/9336e86cfd4ceaa1,Charles OliveiraMateusz Gamrot,00,1118,11,10,Lightweight
http://ufcstats.com/event-details/9336e86cfd4ceaa1,Deiveson FigueiredoMontel Jackson,00,2330,21,00,Bantamweight
http://ufcstats.com/event-details/9336e86cfd4ceaa1,Joel AlvarezVicente Luque,00,8930,10,10,Welterweight
http://ufcstats.com/event-details/9336e86cfd4ceaa1,Mario PintoJhonata Diniz,00,291,30,20,Heavyweight
http://ufcstats.com/event-details/9336e86cfd4ceaa1,Kaan OfliRicardo Ramos,00,11,10,13,Featherweight
http://ufcstats.com/event-details/9336e86cfd4ceaa1,Michael Aswell Jr.Lucas Almeida,20,309,00,00,Featherweight
http://ufcstats.com/event-details/9336e86cfd4ceaa1,Jafel FilhoClayton Carpenter,00,57,10,10,Flyweight
http://ufcstats.com/event-details/9336e86cfd4ceaa1,Vitor PetrinoThomas Petersen,20,3116,10,00,Heavyweight
http://ufcstats.com/event-details/9336e86cfd4ceaa1,Bia MesquitaIrina Alekseeva,00,366,20,10,Women's Bantamweight
http://ufcstats.com/event-details/9336e86cfd4ceaa1,Lucas RochaStewart Nicoll,00,11545,32,00,Flyweight
http://ufcstats.com/event-details/9336e86cfd4ceaa1,Julia PolastriKarolina Kowalkiewicz,00,13772,01,00,Women's Strawweight
http://ufcstats.com/event-details/9336e86cfd4ceaa1,Luan LacerdaSaimon Oliveira,00,2421,31,10,Bantamweight
http://ufcstats.com/event-details/8944a0f9b2f0ce6d,Alex PereiraMagomed Ankalaev,00,284,00,00,Light Heavyweight
http://ufcstats.com/event-details/8944a0f9b2f0ce6d,Merab DvalishviliCory Sandhagen,00,11480,200,00,Bantamweight
http://ufcstats.com/event-details/8944a0f9b2f0ce6d,Jiri ProchazkaKhalil Rountree Jr.,10,7166,00,00,Light Heavyweight
http://ufcstats.com/event-details/8944a0f9b2f0ce6d,Youssef ZalalJosh Emmett,00,00,10,10,Featherweight
http://ufcstats.com/event-details/8944a0f9b2f0ce6d,Joe PyferAbus Magomedov,10,611,01,21,Middleweight
http://ufcstats.com/event-details/8944a0f9b2f0ce6d,Ateba GautierTre'ston Vines,10,60,10,00,Middleweight
http://ufcstats.com/event-details/8944a0f9b2f0ce6d,Daniel SantosJooSang Yoo,10,2731,10,00,Catch Weight
http://ufcstats.com/event-details/8944a0f9b2f0ce6d,Jakub WiklaczPatchy Mix,00,4637,05,30,Bantamweight
http://ufcstats.com/event-details/8944a0f9b2f0ce6d,Edmen ShahbazyanAndre Muniz,10,2515,01,00,Middleweight
http://ufcstats.com/event-details/8944a0f9b2f0ce6d,Punahele SorianoNikolay Veretennikov,00,399,40,12,Welterweight
http://ufcstats.com/event-details/8944a0f9b2f0ce6d,Yana SantosMacy Chiasson,00,6554,02,01,Women's Bantamweight
http://ufcstats.com/event-details/8944a0f9b2f0ce6d,Farid BasharatChris Gutierrez,00,4131,21,00,Bantamweight
http://ufcstats.com/event-details/8944a0f9b2f0ce6d,Ramiz BrahimajAustin Vanderford,00,215,03,20,Welterweight
http://ufcstats.com/event-details/8944a0f9b2f0ce6d,Veronica HardyBrogan Walker,10,3922,03,10,Women's Flyweight
http://ufcstats.com/event-details/ed220e87bef0cc64,Carlos UlbergDominick Reyes,10,115,00,00,Light Heavyweight
http://ufcstats.com/event-details/ed220e87bef0cc64,Jimmy CruteIvan Erslan,00,1210,20,10,Light Heavyweight
http://ufcstats.com/event-details/ed220e87bef0cc64,Jack JenkinsRamon Taveras,00,6543,30,10,Featherweight
http://ufcstats.com/event-details/ed220e87bef0cc64,Neil MagnyJake Matthews,00,3118,30,13,Welterweight
http://ufcstats.com/event-details/ed220e87bef0cc64,Tom NolanCharlie Campbell,00,2615,10,10,Lightweight
http://ufcstats.com/event-details/ed220e87bef0cc64,Navajo StirlingRodolfo Bellato,00,8143,12,00,Light Heavyweight
http://ufcstats.com/event-details/ed220e87bef0cc64,Cam RowstonAndre Petroski,10,127,00,00,Middleweight
http://ufcstats.com/event-details/ed220e87bef0cc64,Jamie MullarkeyRolando Bedoya,00,4346,30,01,Lightweight
http://ufcstats.com/event-details/ed220e87bef0cc64,Colby ThicknesseJosias Musasa,00,6243,21,10,Bantamweight
http://ufcstats.com/event-details/ed220e87bef0cc64,Michelle MontagueLuana Carolina,00,4148,50,01,Women's Bantamweight
http://ufcstats.com/event-details/ed220e87bef0cc64,Brando PericicElisha Ellison,00,293,00,00,Heavyweight
http://ufcstats.com/event-details/ed220e87bef0cc64,Alexia ThainaraLoma Lookboonmee,00,4430,50,10,Women's Strawweight
http://ufcstats.com/event-details/5efaaf313b652dd7,Diego LopesJean Silva,10,7443,30,00,Featherweight
http://ufcstats.com/event-details/5efaaf313b652dd7,David MartinezRob Font,00,6249,00,00,Bantamweight
http://ufcstats.com/event-details/5efaaf313b652dd7,Rafa GarciaJared Gordon,10,9165,21,20,Lightweight
http://ufcstats.com/event-details/5efaaf313b652dd7,Kelvin GastelumDustin Stoltzfus,10,5764,01,00,Middleweight
http://ufcstats.com/event-details/5efaaf313b652dd7,Alexander HernandezDiego Ferreira,10,3023,00,00,Lightweight
http://ufcstats.com/event-details/5efaaf313b652dd7,Santiago LunaQuang Le,20,1512,00,00,Bantamweight
http://ufcstats.com/event-details/5efaaf313b652dd7,Dusko TodorovicJose Daniel Medina,00,169,20,10,Middleweight
http://ufcstats.com/event-details/5efaaf313b652dd7,Joaquim SilvaClaudio Puelles,10,2521,04,10,Lightweight
http://ufcstats.com/event-details/5efaaf313b652dd7,Tatiana SuarezAmanda Lemos,00,2023,30,01,Women's Strawweight
http://ufcstats.com/event-details/5efaaf313b652dd7,Jesus AguilarLuis Gurule,00,8565,10,00,Flyweight
http://ufcstats.com/event-details/5efaaf313b652dd7,Zachary ReeseSedriques Dumas,00,23,00,00,Middleweight
http://ufcstats.com/event-details/5efaaf313b652dd7,Alden CoriaAlessandro Costa,00,4212,21,02,Flyweight
http://ufcstats.com/event-details/5efaaf313b652dd7,Montse RendonAlice Pereira,00,4537,00,10,Women's Bantamweight
http://ufcstats.com/event-details/5efaaf313b652dd7,Daniil DonchenkoRodrigo Sezinando,10,3910,11,00,Welterweight
http://ufcstats.com/event-details/6e380a4d73ab4f0e,Nassourdine ImavovCaio Borralho,00,8166,00,00,Middleweight
http://ufcstats.com/event-details/6e380a4d73ab4f0e,Benoit Saint DenisMauricio Ruffy,00,175,30,10,Lightweight
http://ufcstats.com/event-details/6e380a4d73ab4f0e,Modestas BukauskasPaul Craig,00,226,00,00,Light Heavyweight
http://ufcstats.com/event-details/6e380a4d73ab4f0e,Mason JonesBolaji Oki,11,5738,20,10,Lightweight
http://ufcstats.com/event-details/6e380a4d73ab4f0e,Axel SolaRhys McKee,10,4533,10,00,Welterweight
http://ufcstats.com/event-details/6e380a4d73ab4f0e,William GomisRobert Ruchala,00,4934,22,00,Featherweight
http://ufcstats.com/event-details/6e380a4d73ab4f0e,Oumar SyBrendson Ribeiro,00,175,20,00,Light Heavyweight
http://ufcstats.com/event-details/6e380a4d73ab4f0e,Ante DelijaMarcin Tybura,10,134,00,00,Heavyweight
http://ufcstats.com/event-details/6e380a4d73ab4f0e,Kaue FernandesHarry Hardwick,10,248,00,00,Lightweight
http://ufcstats.com/event-details/6e380a4d73ab4f0e,Sam PattersonTrey Waters,00,2518,00,00,Welterweight
http://ufcstats.com/event-details/6e380a4d73ab4f0e,Robert BryczekBrad Tavares,10,6842,11,00,Middleweight
http://ufcstats.com/event-details/6e380a4d73ab4f0e,Rinat FakhretdinovAndreas Gustafsson,00,235,00,00,Welterweight
http://ufcstats.com/event-details/6e380a4d73ab4f0e,Sam HughesShauna Bannon,00,2113,20,10,Women's Strawweight
http://ufcstats.com/event-details/754968e325d6f60d,Johnny WalkerZhang Mingyang,10,5020,00,00,Light Heavyweight
http://ufcstats.com/event-details/754968e325d6f60d,Aljamain SterlingBrian Ortega,00,12455,30,00,Catch Weight
http://ufcstats.com/event-details/754968e325d6f60d,Sergei PavlovichWaldo Cortes-Acosta,00,6145,00,00,Heavyweight
http://ufcstats.com/event-details/754968e325d6f60d,SumudaerjiKevin Borjas,00,7316,00,00,Flyweight
http://ufcstats.com/event-details/754968e325d6f60d,Taiyilake NuerajiKiefer Crosbie,00,272,10,00,Welterweight
http://ufcstats.com/event-details/754968e325d6f60d,Gauge YoungMaheshate,00,11266,30,00,Lightweight
http://ufcstats.com/event-details/754968e325d6f60d,Charles JohnsonLone'er Kavanagh,10,4459,11,01,Flyweight
http://ufcstats.com/event-details/754968e325d6f60d,RongzhuAustin Hubbard,00,10175,02,00,Lightweight
http://ufcstats.com/event-details/754968e325d6f60d,Kyle DaukausMichel Pereira,10,52,00,00,Middleweight
http://ufcstats.com/event-details/754968e325d6f60d,YizhaWestin Wilson,20,130,00,00,Featherweight
http://ufcstats.com/event-details/754968e325d6f60d,SuYoung YouXiao Long,00,5868,00,00,Bantamweight
http://ufcstats.com/event-details/754968e325d6f60d,Uran SatybaldievDiyar Nurgozhay,10,27,01,20,Light Heavyweight
http://ufcstats.com/event-details/421ccfc6ddb17958,Khamzat ChimaevDricus Du Plessis,00,3713,121,01,Middleweight
http://ufcstats.com/event-details/421ccfc6ddb17958,Lerone MurphyAaron Pico,10,813,02,10,Featherweight
http://ufcstats.com/event-details/421ccfc6ddb17958,Carlos PratesGeoff Neal,10,3225,00,00,Welterweight
http://ufcstats.com/event-details/421ccfc6ddb17958,Michael PageJared Cannonier,00,2920,02,00,Middleweight
http://ufcstats.com/event-details/421ccfc6ddb17958,Tim ElliottKai Asakura,00,2721,20,20,Flyweight
http://ufcstats.com/event-details/421ccfc6ddb17958,Baisangur SusurkaevEric Nolan,00,3622,20,10,Middleweight
http://ufcstats.com/event-details/421ccfc6ddb17958,Michal OleksiejczukGerald Meerschaert,10,233,00,00,Middleweight
http://ufcstats.com/event-details/421ccfc6ddb17958,Loopy GodinezJessica Andrade,00,10790,10,00,Women's Strawweight
http://ufcstats.com/event-details/421ccfc6ddb17958,Alexander HernandezChase Hooper,10,1720,00,00,Lightweight
http://ufcstats.com/event-details/421ccfc6ddb17958,Drakkar KloseEdson Barboza,00,5371,00,00,Lightweight
http://ufcstats.com/event-details/421ccfc6ddb17958,Karine SilvaDione Barbosa,00,2631,13,21,Women's Flyweight
http://ufcstats.com/event-details/421ccfc6ddb17958,Joseph MoralesAlibi Idiris,00,2928,20,20,Flyweight
http://ufcstats.com/event-details/6cd3dfc54f01287f,Anthony HernandezRoman Dolidze,00,9136,90,10,Middleweight
http://ufcstats.com/event-details/6cd3dfc54f01287f,Steve ErcegOde Osbourne,00,2035,31,10,Bantamweight
http://ufcstats.com/event-details/6cd3dfc54f01287f,Iasmin LucindoAngela Hill,00,7264,30,01,Women's Strawweight
http://ufcstats.com/event-details/6cd3dfc54f01287f,Andre FiliChristian Rodriguez,00,6483,31,00,Featherweight
http://ufcstats.com/event-details/6cd3dfc54f01287f,Jean MatsumotoMiles Johns,00,9583,05,20,Bantamweight
http://ufcstats.com/event-details/6cd3dfc54f01287f,Christian Leroy DuncanEryk Anders,10,247,01,00,Middleweight
http://ufcstats.com/event-details/6cd3dfc54f01287f,Julius WalkerRafael Cerqueira,10,4419,60,00,Light Heavyweight
http://ufcstats.com/event-details/6cd3dfc54f01287f,Elijah SmithToshiomi Kazama,00,370,01,01,Bantamweight
http://ufcstats.com/event-details/6cd3dfc54f01287f,Joselyne EdwardsPriscila Cachoeira,10,2618,00,00,Women's Bantamweight
http://ufcstats.com/event-details/6cd3dfc54f01287f,Uros MedicGilbert Urbina,11,55,00,00,Welterweight
http://ufcstats.com/event-details/6cd3dfc54f01287f,Gabriella FernandesJulija Stoliarenko,00,5961,00,00,Women's Flyweight
http://ufcstats.com/event-details/6cd3dfc54f01287f,Eric McConicoCody Brundage,00,2631,03,00,Light Heavyweight
http://ufcstats.com/event-details/f2c934689243fe4e,Tatsuro TairaHyunSung Park,10,73,40,10,Flyweight
http://ufcstats.com/event-details/f2c934689243fe4e,Chris DuncanMateusz Rebecki,00,92114,02,00,Lightweight
http://ufcstats.com/event-details/f2c934689243fe4e,Esteban RibovicsElves Brener,00,122118,00,00,Lightweight
http://ufcstats.com/event-details/f2c934689243fe4e,Karol RosaNora Cornolle,00,3327,20,20,Women's Bantamweight
http://ufcstats.com/event-details/f2c934689243fe4e,Neil MagnyElizeu Zaleski dos Santos,00,4220,21,00,Welterweight
http://ufcstats.com/event-details/f2c934689243fe4e,Kevin VallejosDanny Silva,00,9069,21,00,Featherweight
http://ufcstats.com/event-details/f2c934689243fe4e,Rinya NakamuraNathan Fletcher,10,123,00,00,Bantamweight
http://ufcstats.com/event-details/f2c934689243fe4e,Rodolfo VieiraTresean Gore,00,8941,10,00,Middleweight
http://ufcstats.com/event-details/f2c934689243fe4e,Andrey PulyaevNick Klein,10,2310,04,01,Middleweight
http://ufcstats.com/event-details/f2c934689243fe4e,Austin BashiJohn Yannis,00,20,10,10,Featherweight
http://ufcstats.com/event-details/f2c934689243fe4e,Rafael EstevamFelipe Bunes,00,3326,50,02,Flyweight
http://ufcstats.com/event-details/f2c934689243fe4e,Piera RodriguezKetlen Souza,00,6456,70,00,Women's Strawweight
http://ufcstats.com/event-details/28d8638ea0a71908,Reinier de RidderRobert Whittaker,01,6766,20,00,Middleweight
http://ufcstats.com/event-details/28d8638ea0a71908,Petr YanMarcus McGhee,00,8164,10,00,Bantamweight
http://ufcstats.com/event-details/28d8638ea0a71908,Shara MagomedovMarc-Andre Barriault,00,9339,02,00,Middleweight
http://ufcstats.com/event-details/28d8638ea0a71908,Asu AlmabayevJose Ochoa,00,2226,71,22,Flyweight
http://ufcstats.com/event-details/28d8638ea0a71908,Bogdan GuskovNikita Krylov,10,2316,00,00,Light Heavyweight
http://ufcstats.com/event-details/28d8638ea0a71908,Bryce MitchellSaid Nurmagomedov,01,1320,30,01,Bantamweight
http://ufcstats.com/event-details/28d8638ea0a71908,Muslim SalikhovCarlos Leal,10,35,00,00,Welterweight
http://ufcstats.com/event-details/28d8638ea0a71908,Davey GrantDa'Mon Blackshear,00,6633,01,01,Bantamweight
http://ufcstats.com/event-details/28d8638ea0a71908,Tabatha RicciAmanda Ribas,00,3430,11,00,Women's Strawweight
http://ufcstats.com/event-details/28d8638ea0a71908,Billy ElekanaIbo Aslan,00,3528,00,00,Light Heavyweight
http://ufcstats.com/event-details/28d8638ea0a71908,Steven NguyenMohammad Yahya,60,9257,00,00,Featherweight
http://ufcstats.com/event-details/28d8638ea0a71908,Martin BudayMarcus Buchecha,00,4124,01,00,Heavyweight
http://ufcstats.com/event-details/b8e2f10efb6eca85,Max HollowayDustin Poirier,11,198109,00,01,Lightweight
http://ufcstats.com/event-details/b8e2f10efb6eca85,Paulo CostaRoman Kopylov,10,9948,00,00,Middleweight
http://ufcstats.com/event-details/b8e2f10efb6eca85,Daniel RodriguezKevin Holland,21,7782,01,00,Welterweight
http://ufcstats.com/event-details/b8e2f10efb6eca85,Patricio FreireDan Ige,00,5547,50,00,Featherweight
http://ufcstats.com/event-details/b8e2f10efb6eca85,Michael JohnsonDaniel Zellhuber,10,8052,00,00,Lightweight
http://ufcstats.com/event-details/b8e2f10efb6eca85,Vinicius OliveiraKyler Phillips,10,9649,10,00,Bantamweight
http://ufcstats.com/event-details/b8e2f10efb6eca85,Brendan AllenMarvin Vettori,00,111109,30,00,Middleweight
http://ufcstats.com/event-details/b8e2f10efb6eca85,Nikolay VeretennikovFrancisco Prado,00,5647,23,01,Welterweight
http://ufcstats.com/event-details/b8e2f10efb6eca85,Ateba GautierRobert Valentin,10,192,00,00,Middleweight
http://ufcstats.com/event-details/b8e2f10efb6eca85,Islam DulatovAdam Fugitt,10,2114,00,00,Welterweight
http://ufcstats.com/event-details/b8e2f10efb6eca85,Jimmy CruteMarcin Prachnio,00,521,30,20,Light Heavyweight
http://ufcstats.com/event-details/b8e2f10efb6eca85,Ryan SpannLukasz Brzeski,00,85,10,20,Heavyweight
http://ufcstats.com/event-details/b8e2f10efb6eca85,Brunno FerreiraJackson McVey,00,74,10,10,Middleweight
http://ufcstats.com/event-details/b8e2f10efb6eca85,Carli JudiceNicolle Caliari,10,10932,01,00,Women's Flyweight
http://ufcstats.com/event-details/7b03d9df5910917d,Derrick LewisTallison Teixeira,10,93,00,00,Heavyweight
http://ufcstats.com/event-details/7b03d9df5910917d,Gabriel BonfimStephen Thompson,00,4042,50,00,Welterweight
http://ufcstats.com/event-details/7b03d9df5910917d,Steve GarciaCalvin Kattar,10,8526,00,00,Featherweight
http://ufcstats.com/event-details/7b03d9df5910917d,Morgan CharriereNate Landwehr,10,6763,20,00,Featherweight
http://ufcstats.com/event-details/7b03d9df5910917d,Vitor PetrinoAusten Lane,00,33,10,20,Heavyweight
http://ufcstats.com/event-details/7b03d9df5910917d,Tuco TokkosJunior Tafa,00,1124,50,10,Light Heavyweight
http://ufcstats.com/event-details/7b03d9df5910917d,Chris CurtisMax Griffin,00,6459,00,00,Welterweight
http://ufcstats.com/event-details/7b03d9df5910917d,Jake MatthewsChidi Njokuani,00,35,10,10,Welterweight
http://ufcstats.com/event-details/7b03d9df5910917d,Eduarda MouraLauren Murphy,00,6438,22,02,Women's Flyweight
http://ufcstats.com/event-details/7b03d9df5910917d,Valter WalkerKennedy Nzechukwu,00,40,10,10,Heavyweight
http://ufcstats.com/event-details/7b03d9df5910917d,Mike DavisMitch Ramirez,10,4751,10,20,Lightweight
http://ufcstats.com/event-details/7b03d9df5910917d,Fatima KlineMelissa Martinez,10,9244,00,00,Women's Strawweight
http://ufcstats.com/event-details/66766984842c13dc,Ilia TopuriaCharles Oliveira,10,219,00,00,Lightweight
http://ufcstats.com/event-details/66766984842c13dc,Alexandre PantojaKai Kara-France,00,4238,30,20,Flyweight
http://ufcstats.com/event-details/66766984842c13dc,Joshua VanBrandon Royval,10,204215,00,00,Flyweight
http://ufcstats.com/event-details/66766984842c13dc,Beneil DariushRenato Moicano,01,5631,50,00,Lightweight
http://ufcstats.com/event-details/66766984842c13dc,Payton TalbottFelipe Lima,00,5926,03,00,Bantamweight
http://ufcstats.com/event-details/66766984842c13dc,Gregory RodriguesJack Hermansson,10,1830,00,00,Middleweight
http://ufcstats.com/event-details/66766984842c13dc,Jose DelgadoHyder Amil,10,93,00,00,Featherweight
http://ufcstats.com/event-details/66766984842c13dc,Tracy CortezViviane Araujo,00,6522,30,10,Women's Flyweight
http://ufcstats.com/event-details/66766984842c13dc,Terrance McKinneyViacheslav Borshchev,00,12,10,20,Lightweight
http://ufcstats.com/event-details/66766984842c13dc,Jacobe SmithNiko Price,00,4634,20,10,Welterweight
http://ufcstats.com/event-details/66766984842c13dc,Jhonata DinizAlvin Hines,00,11282,01,00,Heavyweight
http://ufcstats.com/event-details/400c7b43c86d27d3,Khalil Rountree Jr.Jamahal Hill,10,10269,00,00,Light Heavyweight
http://ufcstats.com/event-details/400c7b43c86d27d3,Rafael FizievIgnacio Bahamondes,00,6250,40,00,Lightweight
http://ufcstats.com/event-details/400c7b43c86d27d3,Curtis BlaydesRizvan Kuniev,00,5645,20,00,Heavyweight
http://ufcstats.com/event-details/400c7b43c86d27d3,Myktybek OrolbaiTofiq Musayev,00,22,30,10,Catch Weight
http://ufcstats.com/event-details/400c7b43c86d27d3,Nazim SadykhovNikolas Motta,11,9366,00,00,Lightweight
http://ufcstats.com/event-details/400c7b43c86d27d3,Muhammad NaimovBogdan Grad,00,1831,13,10,Featherweight
http://ufcstats.com/event-details/400c7b43c86d27d3,Seokhyeon KoOban Elliott,00,3310,60,10,Welterweight
http://ufcstats.com/event-details/400c7b43c86d27d3,JunYong ParkIsmail Naurdiev,00,4576,21,10,Middleweight
http://ufcstats.com/event-details/400c7b43c86d27d3,Daria ZhelezniakovaMelissa Mullins,00,9964,03,00,Women's Bantamweight
http://ufcstats.com/event-details/400c7b43c86d27d3,Klaudia SygulaIrina Alekseeva,00,10163,10,00,Women's Bantamweight
http://ufcstats.com/event-details/400c7b43c86d27d3,Tagir UlanbekovAzat Maksum,00,6862,03,10,Flyweight
http://ufcstats.com/event-details/400c7b43c86d27d3,Mohammed UsmanHamdy Abdelwahab,00,8655,00,00,Heavyweight
http://ufcstats.com/event-details/de277a4abcfeea46,Kamaru UsmanJoaquin Buckley,00,4144,40,00,Welterweight
http://ufcstats.com/event-details/de277a4abcfeea46,Rose NamajunasMiranda Maverick,10,2525,20,01,Women's Flyweight
http://ufcstats.com/event-details/de277a4abcfeea46,Edmen ShahbazyanAndre Petroski,10,5334,02,00,Middleweight
http://ufcstats.com/event-details/de277a4abcfeea46,Raoni BarcelosCody Garbrandt,00,3728,10,00,Bantamweight
http://ufcstats.com/event-details/de277a4abcfeea46,Mansur Abdul-MalikCody Brundage,00,2530,00,00,Middleweight
http://ufcstats.com/event-details/de277a4abcfeea46,Alonzo MenifieldOumar Sy,00,2934,01,00,Light Heavyweight
http://ufcstats.com/event-details/de277a4abcfeea46,Paul CraigRodolfo Bellato,00,1710,01,00,Light Heavyweight
http://ufcstats.com/event-details/de277a4abcfeea46,Michael ChiesaCourt McGee,00,7239,00,00,Welterweight
http://ufcstats.com/event-details/de277a4abcfeea46,Malcolm WellmakerKris Moutinho,10,256,00,00,Bantamweight
http://ufcstats.com/event-details/de277a4abcfeea46,Jose OchoaCody Durden,10,309,02,00,Flyweight
http://ufcstats.com/event-details/de277a4abcfeea46,Ricky SimonCameron Smotherman,00,3429,30,00,Bantamweight
http://ufcstats.com/event-details/de277a4abcfeea46,Phil RoweAnge Loosa,11,8565,03,00,Welterweight
http://ufcstats.com/event-details/de277a4abcfeea46,Jamey-Lyn HorthVanessa Demopoulos,00,10136,20,00,Women's Flyweight
http://ufcstats.com/event-details/18c49685296c60e6,Merab DvalishviliSean O'Malley,00,5231,50,10,Bantamweight
http://ufcstats.com/event-details/18c49685296c60e6,Kayla HarrisonJulianna Pena,00,309,20,10,Women's Bantamweight
http://ufcstats.com/event-details/18c49685296c60e6,Joe PyferKelvin Gastelum,20,5733,10,00,Middleweight
http://ufcstats.com/event-details/18c49685296c60e6,Mario BautistaPatchy Mix,00,173122,00,00,Bantamweight
http://ufcstats.com/event-details/18c49685296c60e6,Kevin HollandVicente Luque,00,4024,10,10,Welterweight
http://ufcstats.com/event-details/18c49685296c60e6,Joshua VanBruno Silva,30,12576,01,00,Flyweight
http://ufcstats.com/event-details/18c49685296c60e6,Azamat MurzakanovBrendson Ribeiro,10,278,00,00,Light Heavyweight
http://ufcstats.com/event-details/18c49685296c60e6,Waldo Cortes-AcostaSerghei Spivac,00,11048,02,00,Heavyweight
http://ufcstats.com/event-details/18c49685296c60e6,Andreas GustafssonKhaos Williams,00,9839,80,00,Welterweight
http://ufcstats.com/event-details/18c49685296c60e6,Wang CongAriane da Silva,10,14363,00,00,Women's Flyweight
http://ufcstats.com/event-details/18c49685296c60e6,JooSang YooJeka Saragih,10,62,00,00,Featherweight
http://ufcstats.com/event-details/18c49685296c60e6,Quillan SalkilldYanal Ashmouz,00,7941,80,00,Lightweight
http://ufcstats.com/event-details/18c49685296c60e6,MarQuel MederosMark Choinski,10,11058,02,00,Lightweight
http://ufcstats.com/event-details/2a898bf9fb7710b3,Mateusz GamrotLudovit Klein,00,6524,60,00,Lightweight
http://ufcstats.com/event-details/2a898bf9fb7710b3,Ramiz BrahimajBilly Ray Goff,00,11,20,10,Welterweight
http://ufcstats.com/event-details/2a898bf9fb7710b3,Dustin JacobyBruno Lopes,10,173,00,00,Light Heavyweight
http://ufcstats.com/event-details/2a898bf9fb7710b3,Ketlen VieiraMacy Chiasson,00,2822,00,00,Women's Featherweight
http://ufcstats.com/event-details/2a898bf9fb7710b3,Zachary ReeseDusko Todorovic,00,5035,24,01,Middleweight
http://ufcstats.com/event-details/2a898bf9fb7710b3,Allan NascimentoJafel Filho,00,1214,14,11,Flyweight
http://ufcstats.com/event-details/2a898bf9fb7710b3,Jordan LeavittKurt Holobaugh,00,10,30,10,Lightweight
http://ufcstats.com/event-details/2a898bf9fb7710b3,Bolaji OkiMichael Aswell Jr.,00,136118,00,00,Lightweight
http://ufcstats.com/event-details/2a898bf9fb7710b3,Alice ArdeleanRayanne dos Santos,00,15478,11,00,Women's Strawweight
http://ufcstats.com/event-details/8ad022dd81224f61,Michael MoralesGilbert Burns,20,335,01,00,Welterweight
http://ufcstats.com/event-details/8ad022dd81224f61,Mairon SantosSodiq Yusuff,00,4036,01,00,Lightweight
http://ufcstats.com/event-details/8ad022dd81224f61,Nursulton RuziboevDustin Stoltzfus,00,3521,12,02,Middleweight
http://ufcstats.com/event-details/8ad022dd81224f61,Melquizael CostaJulian Erosa,00,10269,23,10,Featherweight
http://ufcstats.com/event-details/8ad022dd81224f61,Gabe GreenMatheus Camilo,00,1213,02,11,Lightweight
http://ufcstats.com/event-details/8ad022dd81224f61,Jared GordonThiago Moises,10,75,10,00,Lightweight
http://ufcstats.com/event-details/8ad022dd81224f61,Yadier del ValleConnor Matthews,00,93,10,10,Featherweight
http://ufcstats.com/event-details/8ad022dd81224f61,Luana SantosTainara Lisboa,00,156,20,10,Women's Bantamweight
http://ufcstats.com/event-details/8ad022dd81224f61,Denise GomesElise Reed,10,2811,30,00,Women's Strawweight
http://ufcstats.com/event-details/8ad022dd81224f61,HyunSung ParkCarlos Hernandez,00,144,10,10,Flyweight
http://ufcstats.com/event-details/8ad022dd81224f61,Tecia PenningtonLuana Pinheiro,00,6340,05,00,Women's Strawweight
http://ufcstats.com/event-details/118463dd8db16e7f,Jack Della MaddalenaBelal Muhammad,00,178132,03,00,Welterweight
http://ufcstats.com/event-details/118463dd8db16e7f,Valentina ShevchenkoManon Fiorot,10,7271,21,00,Women's Flyweight
http://ufcstats.com/event-details/118463dd8db16e7f,Aiemann ZahabiJose Aldo,01,9968,00,00,Featherweight
http://ufcstats.com/event-details/118463dd8db16e7f,Natalia SilvaAlexa Grasso,00,6545,00,00,Women's Flyweight
http://ufcstats.com/event-details/118463dd8db16e7f,Benoit Saint DenisKyle Prepolec,00,5412,30,20,Lightweight
http://ufcstats.com/event-details/118463dd8db16e7f,Mike MalottCharles Radtke,10,3610,00,00,Welterweight
http://ufcstats.com/event-details/118463dd8db16e7f,Jasmine JasudaviciusJessica Andrade,00,114,10,10,Women's Flyweight
http://ufcstats.com/event-details/118463dd8db16e7f,Modestas BukauskasIon Cutelaba,00,4458,00,00,Light Heavyweight
http://ufcstats.com/event-details/118463dd8db16e7f,Navajo StirlingIvan Erslan,10,11036,30,00,Light Heavyweight
http://ufcstats.com/event-details/118463dd8db16e7f,Marc-Andre BarriaultBruno Silva,10,146,00,00,Middleweight
http://ufcstats.com/event-details/118463dd8db16e7f,Daniel SantosJeongYeong Lee,00,9068,60,00,Featherweight
http://ufcstats.com/event-details/118463dd8db16e7f,Bekzat AlmakhanBrad Katona,10,81,00,00,Bantamweight
http://ufcstats.com/event-details/de20ffb3fc2e7629,Cory SandhagenDeiveson Figueiredo,00,546,22,00,Bantamweight
http://ufcstats.com/event-details/de20ffb3fc2e7629,Reinier de RidderBo Nickal,10,228,01,00,Middleweight
http://ufcstats.com/event-details/de20ffb3fc2e7629,Daniel RodriguezSantiago Ponzinibbio,10,6649,01,00,Welterweight
http://ufcstats.com/event-details/de20ffb3fc2e7629,Montel JacksonDaniel Marcos,00,3017,23,10,Bantamweight
http://ufcstats.com/event-details/de20ffb3fc2e7629,Serhiy SideyCameron Smotherman,00,5558,50,10,Bantamweight
http://ufcstats.com/event-details/de20ffb3fc2e7629,Mason JonesJeremy Stephens,00,8142,80,00,Lightweight
http://ufcstats.com/event-details/de20ffb3fc2e7629,Yana SantosMiesha Tate,00,6640,01,00,Women's Bantamweight
http://ufcstats.com/event-details/de20ffb3fc2e7629,Azamat BekoevRyan Loder,20,2313,00,00,Middleweight
http://ufcstats.com/event-details/de20ffb3fc2e7629,Gillian RobertsonMarina Rodriguez,00,164,20,01,Women's Strawweight
http://ufcstats.com/event-details/de20ffb3fc2e7629,Quang LeGaston Bolanos,00,105,40,10,Bantamweight
http://ufcstats.com/event-details/de20ffb3fc2e7629,Thomas PetersenDon'Tale Mayes,00,283,90,10,Heavyweight
http://ufcstats.com/event-details/de20ffb3fc2e7629,Juliana MillerIvana Petrovic,00,2225,31,00,Women's Flyweight
http://ufcstats.com/event-details/b2e3aca4cd363477,Ian Machado GarryCarlos Prates,00,12663,40,00,Welterweight
http://ufcstats.com/event-details/b2e3aca4cd363477,Zhang MingyangAnthony Smith,00,6310,00,00,Light Heavyweight
http://ufcstats.com/event-details/b2e3aca4cd363477,David OnamaGiga Chikadze,00,4943,30,00,Featherweight
http://ufcstats.com/event-details/b2e3aca4cd363477,Abus MagomedovMichel Pereira,00,7873,10,00,Middleweight
http://ufcstats.com/event-details/b2e3aca4cd363477,Randy BrownNicolas Dalby,11,5426,00,00,Welterweight
http://ufcstats.com/event-details/b2e3aca4cd363477,Ikram AliskerovAndre Muniz,10,4416,00,00,Middleweight
http://ufcstats.com/event-details/b2e3aca4cd363477,Matt SchnellJimmy Flick,00,3512,05,31,Flyweight
http://ufcstats.com/event-details/b2e3aca4cd363477,Evan ElderGauge Young,00,11581,00,00,Lightweight
http://ufcstats.com/event-details/b2e3aca4cd363477,Chris GutierrezJohn Castaneda,10,4641,01,00,Featherweight
http://ufcstats.com/event-details/b2e3aca4cd363477,Da'Mon BlackshearAlatengheili,00,12561,00,00,Bantamweight
http://ufcstats.com/event-details/b2e3aca4cd363477,Malcolm WellmakerCameron Saaiman,10,69,00,00,Bantamweight
http://ufcstats.com/event-details/b2e3aca4cd363477,Jaqueline AmorimPolyana Viana,00,60,20,10,Women's Strawweight
http://ufcstats.com/event-details/b2e3aca4cd363477,Timmy CuambaRoberto Romero,10,3335,10,00,Featherweight
http://ufcstats.com/event-details/b2e3aca4cd363477,Joselyne EdwardsChelsea Chandler,00,3010,10,00,Women's Bantamweight
http://ufcstats.com/event-details/22f4b6cb6b1bd7fd,Alexander VolkanovskiDiego Lopes,01,15863,10,00,Featherweight
http://ufcstats.com/event-details/22f4b6cb6b1bd7fd,Paddy PimblettMichael Chandler,00,8011,14,00,Lightweight
http://ufcstats.com/event-details/22f4b6cb6b1bd7fd,Yair RodriguezPatricio Freire,10,7017,11,01,Featherweight
http://ufcstats.com/event-details/22f4b6cb6b1bd7fd,Jean SilvaBryce Mitchell,10,2736,01,30,Featherweight
http://ufcstats.com/event-details/22f4b6cb6b1bd7fd,Dominick ReyesNikita Krylov,10,84,00,00,Light Heavyweight
http://ufcstats.com/event-details/22f4b6cb6b1bd7fd,Dan IgeSean Woodson,00,4451,00,00,Featherweight
http://ufcstats.com/event-details/22f4b6cb6b1bd7fd,Virna JandirobaYan Xiaonan,00,1117,30,30,Women's Strawweight
http://ufcstats.com/event-details/22f4b6cb6b1bd7fd,Chase HooperJim Miller,00,2113,81,12,Lightweight
http://ufcstats.com/event-details/22f4b6cb6b1bd7fd,Julian ErosaDarren Elkins,00,5413,01,00,Featherweight
http://ufcstats.com/event-details/22f4b6cb6b1bd7fd,Michal OleksiejczukSedriques Dumas,10,343,00,00,Middleweight
http://ufcstats.com/event-details/22f4b6cb6b1bd7fd,SumudaerjiMitch Raposo,00,459,06,00,Flyweight
http://ufcstats.com/event-details/22f4b6cb6b1bd7fd,Marco TulioTresean Gore,20,12717,00,00,Middleweight
http://ufcstats.com/event-details/22f4b6cb6b1bd7fd,Nora CornolleHailey Cowan,00,83,01,10,Women's Bantamweight
http://ufcstats.com/event-details/86b30a86664cb6e4,Lerone MurphyJosh Emmett,00,8441,04,00,Featherweight
http://ufcstats.com/event-details/86b30a86664cb6e4,Pat SabatiniJoanderson Brito,00,243,40,11,Featherweight
http://ufcstats.com/event-details/86b30a86664cb6e4,ChangHo LeeCortavious Romious,00,4411,22,10,Bantamweight
http://ufcstats.com/event-details/86b30a86664cb6e4,Brad TavaresGerald Meerschaert,00,4738,00,00,Middleweight
http://ufcstats.com/event-details/86b30a86664cb6e4,Ode OsbourneLuis Gurule,10,1812,01,00,Flyweight
http://ufcstats.com/event-details/86b30a86664cb6e4,Torrez FinneyRobert Valentin,00,423,80,00,Middleweight
http://ufcstats.com/event-details/86b30a86664cb6e4,Dione BarbosaDiana Belbita,00,2720,10,10,Women's Flyweight
http://ufcstats.com/event-details/86b30a86664cb6e4,Rhys McKeeDaniel Frunza,30,4343,00,00,Welterweight
http://ufcstats.com/event-details/86b30a86664cb6e4,Loma LookboonmeeIstela Nunes,00,3236,30,00,Women's Strawweight
http://ufcstats.com/event-details/86b30a86664cb6e4,Victor HenryPedro Falcao,10,7357,24,00,Bantamweight
http://ufcstats.com/event-details/86b30a86664cb6e4,Martin BudayUran Satybaldiev,00,5836,00,00,Heavyweight
http://ufcstats.com/event-details/86b30a86664cb6e4,Talita AlencarVanessa Demopoulos,00,4510,40,10,Women's Strawweight
